{"cameraMode":{"drawMode":0,"name":"Shaded","section":"Shading Mode"},"sceneLighting":true,"audioPlay":false,"sceneViewState":{"showFog":true,"showMaterialUpdate":false,"showSkybox":true,"showFlares":true,"showImageEffects":true,"showParticleSystems":true},"in2DMode":false,"pivot":{"x":17.03753089904785,"y":-4.401440620422363,"z":-6.6933207511901859},"rotation":{"x":0.09999731183052063,"y":0.8526241779327393,"z":-0.17714886367321015,"w":0.4813196063041687},"size":11.219362258911133,"orthographic":false}